year,price,mileage
2018,12,33.027
2018,12.1,30.791
2017,11.481,33.673
2017,10.881,41.394
2018,14.895,31.132
2015,9.996,52.748
2018,12,33.546
2015,8.997,49.722
2012,6.9,80.579
2015,11.495,53.384
2017,12.124,7.178
2014,8.261,26.564
2019,15.36,20.69
2015,8.584,59.722
2015,7.998,100.799
2016,10.995,32.501
2017,10.2,41.247
2018,12.3,21.252
2016,10.982,32.35
2016,10.495,35.358
2014,7.226,104.596
2017,12.36,34.522
2017,10.7,42.43
2018,13.05,18.96
2018,12,33.676
2018,12.3,21.841
2014,7.499,115.421
2012,5.987,91.483
2018,13.4,18.732
2016,13.441,23.639
2019,15.471,17.672
2015,11.195,66.957
2016,7.999,44.055
2017,10.7,41.711
2018,14.5,0.058
2015,14.978,7.98
2018,11.7,32.967
2018,11.695,27.786
2017,10.995,25.032
2017,12.595,15.793
2016,12.999,37.779
2016,5.495,103.662
2016,11.895,47.987
2018,13.381,3.17
2014,12.9,26.055
2018,11.499,27.773
2017,8.497,80.309
2016,9.977,68.658
2018,12.619,33.506
2017,14.395,32.606
2016,11.495,44.537
2015,10.621,60.323
2017,11.19,15.73
2018,12.5,17.895
2018,14.455,11.526
2015,10.75,57.96
2018,14.99,21.54
2017,12.421,32.74
2019,17.977,9.004
2016,10.499,50.987
2015,10.9,35.417
2013,9.395,72.427
2017,12.5,19.691
2018,12.951,22.64
2019,15.995,17.761
2018,13,13.917
2019,18,3.158
2013,6.499,39.178
2017,12.783,22.39
2017,11.442,16.096
2018,11.21,32.127
2017,13.298,12.807
2018,11.773,27.295
2018,11.6,36.294
2018,12.7,21.509
2015,9.25,65.75
2018,11.211,47.362
2018,14.5,0.13
2018,11.506,41.726
2018,12.605,21.385
2014,7.504,115.036
2019,16.462,13.419
2016,10.115,44.967
2012,7.995,87.549
2016,10.8,63.095
2017,11.881,27.488
2016,11.995,55.724
2018,13.995,16.563
2014,11.5,29
2018,12.1,25.378
2014,6.182,116.004
2017,11.5,29.995
2018,12.1,31.982
2017,12.026,26.771
2017,12.681,26.65
2011,4.977,76.123
2015,11.395,44.324
2015,8.5,79.77
2018,12.6,21.701
2016,9.997,41.087
2017,11.291,38.347
2019,15.988,21.67
2018,11.532,31.634
2019,15.595,10.206
2012,10,30.21
2018,14,3.939
2017,10.6,44.426
2017,13.8,29.429
2018,12,33.98
2018,12.3,32.876
2016,11.469,35.771
2014,8.5,76.444
2018,12.1,31.179
2013,5.995,140.24
2015,11.977,18.007
2017,13.795,48.907
2017,11,35.905
2018,14.156,10.427
2018,11.729,37.314
2019,18.052,2.676
2019,17.6,4.951
2015,11.695,72.865
2015,10.995,71.935
2016,12.9,27.464
2018,13.477,13.132
2016,14.2,43.154
2016,9.999,48.072
2015,11.874,44.464
2018,14.261,19.7
2017,10.442,41.913
2018,12.6,20.975
2017,13.995,43.542
2017,12.702,15.231
2017,13.38,28.394
2016,10.995,41.155
2016,10.995,38.682
2014,10,74.629
2017,10.7,41.264
2017,11.991,26.673
2018,12,32.596
2018,13.9,12.529
2017,8.99,30.262
2016,10.5,29.275
2019,18.852,8.784
2019,16.462,10.909
2016,10.999,41.27
2016,9.499,72.639
2019,16.362,8.627
2016,10.994,19.297
2017,10.484,18.796
2018,12.7,19.567
2016,11.095,74.798
2017,11.392,23.213
2017,11.813,51.46
2017,9.991,57.963
2013,5.988,93.813
2019,18.999,6.468
2018,11.773,24.28
2015,10.495,85.178
2018,15.695,32.168
2016,10,27.372
2018,12.78,14.412
2015,11.651,18.479
2016,12.495,14.079
2017,13.5,24.525
2018,13.977,15.282
2016,9.209,63.02
2019,15.895,18.233
2011,8.999,60.678
2015,8.887,55.734
2018,12.287,16.271
2015,11.395,42.991
2016,11.395,94.813
2018,12.9,22.506
2018,12,32.678
2019,16.462,9.126
2017,11.772,18.014
2014,8.492,50.349
2019,16.23,21.832
2018,10.898,30.089
2019,16.298,12.805
2010,6.305,71.983
2016,10.4,68.293
2017,13.44,16.804
2015,11.595,49.227
2013,9.999,69.529
2018,11.598,41.458
2017,11.777,27.683
2018,11.9,35.652
2016,12.252,47.065
2014,6.988,103.959
2017,11.95,28.97
2018,12.254,12.997
2017,10.988,72.183
2016,12.984,20.367
2019,16.162,15.499
2016,12.295,35.784
2018,12.1,24.884
2018,12.9,21.15
2018,15.495,16.765
2018,12.995,13.411
2016,11.095,89.479
2018,11.8,38.256
2018,11.098,26.164
2015,12.695,38.589
2018,11.9,34.411
2016,11.125,41.068
2017,11.995,18.689
2018,11.8,37.331
2011,6.4,89.49
2018,12.8,22.389
2017,13.481,19.999
2018,13.65,32.226
2017,13.681,11.326
2016,11.695,73.713
2015,6.595,120.845
2019,15.179,20.726
2017,10.574,43.074
2018,14,5.684
2018,11.394,30.595
2018,14.995,35.129
2017,11.595,21.953
2019,16.766,11.657
2017,13.9,31.075
2016,10.5,31.201
2018,12.876,20.952
2017,10.197,44.106
2016,12.395,37.56
2013,5.295,90.389
2014,6.988,95.488
2017,12.74,85.602
2017,12.99,11.155
2018,12.481,27.389
2018,12.1,31.158
2016,10.859,40.547
2012,3.2,119
2016,10.987,35.525
2013,5.845,117.77
2017,10.995,41.317
2018,12,33.981
2016,10.615,44.728
2018,14,8.337
2016,12.195,40.307
2019,16.99,11.369
2014,9.491,64.68
2019,16.485,5.966
2017,8.999,77.944
2017,10.442,20.976
2018,12.953,21.665
2015,8.899,40.277
2016,12.395,41.98
2018,10.988,34.294
2016,12.32,35.841
2014,10.997,49.476
2017,11.823,37.928
2018,11.484,32.521
2018,12.4,24.82
2018,14.495,34.459
2015,12.195,54.085
2017,12,26.362
2016,10.827,30.542
2018,15.575,15.123
2018,11.695,15.201
2017,8.492,78.798
2019,16,16.369
2017,8.949,69.475
2018,12.5,33.495
2018,12.1,25.451
2019,15.791,0.617
2018,12.497,9.438
2017,11.99,25.83
2016,10.495,53.607
2019,16.157,7.895
2018,11.221,34.522
2017,10.581,53.392
2018,12.7,19.61
2018,10.864,50.608
2015,10.995,69.522
2016,12.999,34.402
2016,9.379,66.204
2018,11.745,28.952
2017,11.062,31.524
2018,12.2,28.797
2018,12.6,25.17
2018,12.5,33.307
2019,17.997,9.003
2016,11.395,77.61
2019,18.656,8.012
2018,12.5,6.883
2016,11.495,33.482
2018,14.488,14.972
2017,10.8,39.999
2016,13.991,22.799
2016,11.991,33.75
2018,10.59,50.404
2018,12.6,21.21
2019,17.977,0.594
2018,11.9,29.636
2019,16.291,10.74
2016,10.999,15.978
